query,rank,sku,name,total_count
suzuki samurai,1,Suzuki Samurai Sun Visors,Suzuki Samurai Sun Visors,1108
suzuki samurai,2,Suzuki Samurai Carpet Kits,Suzuki Samurai Carpet Kits,1108
suzuki samurai,3,Suzuki Samurai Pedal Pads,Suzuki Samurai Pedal Pads,1108
suzuki samurai,4,Suzuki Samurai Transmission Shifter Bolts,Suzuki Samurai Transmission Shifter Bolts,1108
suzuki samurai,5,Suzuki Samurai Side Mirrors (plastic),Suzuki Samurai Side Mirrors (plastic),1108
suzuki samurai,6,Suzuki Samurai ABS Tailgate Panel,Suzuki Samurai ABS Tailgate Panel,1108
suzuki samurai,7,Suzuki Samurai Windshield Wiper Brace,Suzuki Samurai Windshield Wiper Brace,1108
suzuki samurai,8,Suzuki Samurai Rear Bumper Corners,Suzuki Samurai Rear Bumper Corners,1108
suzuki samurai,9,Suzuki Samurai OEM Wiper Arms,Suzuki Samurai OEM Wiper Arms,1108
suzuki samurai,10,Suzuki Samurai Lower Shock Mounts,Suzuki Samurai Lower Shock Mounts,1108
suzuki samurai,11,Suzuki Samurai Replacement Window Regulator,Suzuki Samurai Replacement Window Regulator,1108
suzuki samurai,12,Suzuki Samurai Driveshaft Flange Yoke,Suzuki Samurai Driveshaft Flange Yoke,1108
suzuki samurai,13,Suzuki Samurai Door Hinge Kit,Suzuki Samurai Door Hinge Kit,1108
suzuki samurai,14,Suzuki Samurai Aluminum Door Panels,Suzuki Samurai Aluminum Door Panels,1108
suzuki samurai,15,Suzuki Samurai ABS Rear Side Panels,Suzuki Samurai ABS Rear Side Panels,1108
suzuki samurai,16,Suzuki Samurai Double Cup Holder,Suzuki Samurai Double Cup Holder,1108
suzuki samurai,17,Suzuki Samurai Targa Bar Cover/Louver,Suzuki Samurai Targa Bar Cover/Louver,1108
suzuki samurai,18,Suzuki Samurai Tailgater Storage Bin,Suzuki Samurai Tailgater Storage Bin,1108
suzuki samurai,19,Suzuki Samurai Rear Brake Wheel Cylinders,Suzuki Samurai Rear Brake Wheel Cylinders,1108
suzuki samurai,20,Suzuki Samurai Knuckle King Pin Shims,Suzuki Samurai Knuckle King Pin Shims,1108
fj80,1,FJ80 TIE ROD END,FJ80 Tie Rod End,124
fj80,2,TOYOTA FJ80 KNUCKLE REBUILD KIT,Toyota FJ80 Knuckle Rebuild Kit,124
fj80,3,FJ80 TIE ROD JAM NUT,FJ80 Tie Rod Jam Nut,124
fj80,4,LONGFIELD FJ80 30 SPLINE INNER AXLE,Longfield FJ80 30 Spline Inner Axle,124
fj80,5,304187-1-KIT,FJ80 | FJ100 SPOOL LOCKER,124
fj80,6,303943-1-KIT,FJ80 Winch Mount,124
fj80,7,"FJ80 Brake Master Cylinders - 1"" Bore","FJ80 Brake Master Cylinders - 1"" Bore",124
fj80,8,TGI-308455,Chromoly FJ80 Spindle,124
fj80,9,303249-1,FJ80 ABS Tone Ring (Single),124
fj80,10,303942-1-KIT,Rock Defense FJ80 Rear Bumper,124
fj80,11,LONGFIELD FJ80 24 SPLINE INNER AXLE,Longfield FJ80 24 Spline Inner Axle,124
fj80,12,300440-1-KIT,FJ80 HD Steering Kit,124
fj80,13,303441-1-KIT,Toyota FJ80 Knuckle Rebuild Kit - No Bearings,124
fj80,14,140331-1-KIT,"FJ80 Brake Master Cylinder, 1"" Bore",124
fj80,15,300441-1-KIT,FJ80 HD Tie Rod Kit,124
fj80,16,303751-1-KIT,Trail Safe FJ80 Inner Axle Seal Pair,124
fj80,17,303941-1-KIT,Rock Defense FJ80 Front Bumper w/Stinger,124
fj80,18,303749-1-KIT,Toyota FJ80 Knuckle Rebuild Kit - with Bearings,124
fj80,19,303461-1-KIT,FJ80 Extended Front Axle Dust Cap,124
fj80,20,TLC-AX-KPS-.20MM,"FJ80 Knuckle King Pin Shim, .20mm",124
4runner,1,2014+ 4Runner APEXRUNNER Front Bumpers,2014+ 4Runner APEXRUNNER Front Bumpers,1232
4runner,2,2.0 PERFORMANCE 2003+ 4RUNNER,2.0 PERFORMANCE 2003+ 4RUNNER,1232
4runner,3,TOYOTA PICKUP/4RUNNER WINCH MOUNT,Toyota Pickup/4Runner Winch Mount,1232
4runner,4,2014+ 4Runner Windshield Washer Bottle Skid,2014+ 4Runner Windshield Washer Bottle Skid,1232
4runner,5,Inner Boot Kit for 96-02 4Runner,Inner Boot Kits for 96-02 4Runner,1232
4runner,6,2014+ 4Runner Low Profile Front Bumper,2014+ 4Runner Low Profile Front Bumper,1232
4runner,7,5th Gen 4Runner IFS Skid Plate,2010+ 4Runner IFS Skid Plate,1232
4runner,8,Outer Boot Kit for 96-02 4Runner,Outer Boot Kits for 96-02 4Runner,1232
4runner,9,2010-Current Toyota 4Runner Rock Sliders,2010-Current Toyota 4Runner Rock Sliders,1232
4runner,10,1996-2002 4Runner Ditch Light Brackets,1996-2002 4Runner Ditch Light Brackets,1232
4runner,11,2010-Current 4Runner Ditch Light Brackets,2010-Current 4Runner Ditch Light Brackets,1232
4runner,12,5th Gen 4Runner Overland Roof Rack (2010+),5th Gen 4Runner Overland Roof Rack (2010+),1232
4runner,13,1996-2002 4Runner Outer Tie Rod Ends,1996-2002 4Runner Outer Tie Rod Ends,1232
4runner,14,1996-2002 Toyota 4Runner Weathertech Floorliners,1996-2002 Toyota 4Runner Weathertech Floorliners,1232
4runner,15,Outer and Inner Boot Kits for 96-02 4Runner,Outer and Inner Boot Kits for 96-02 4Runner,1232
4runner,16,2010-Current APEX Toyota 4Runner Rock Sliders, 2010-Current APEX Toyota 4Runner Rock Sliders,1232
4runner,17,2003-2005 Toyota 4Runner Headlamp Assemblies,2003-2005 Toyota 4Runner Headlamp Assemblies,1232
4runner,18,1995-2004 Tacoma and 4Runner Rock Sliders,1995-2004 Tacoma and 4Runner Rock Sliders,1232
4runner,19,3.0L Pickup/4Runner Full Hydraulic Steering Kit,3.0L Pickup/4Runner Full Hydraulic Steering Kit,1232
4runner,20,2014+ 4Runner Low Profile Front Bumper Side Supports,2014+ 4Runner Low Profile Front Bumper Side Supports,1232
bilstein,1,BILSTEIN 5125 SHOCK,Bilstein 5125 Shock,508
bilstein,2,Bilstein 5125 Shocks,Bilstein 5125 Shocks,508
bilstein,3,Bilstein Coilover with All-Pro Coils,Bilstein Coilover with All-Pro Coils,508
bilstein,4,2007+ Toyota Tundra Bilstein 5100 Kit,2007+ Toyota Tundra Bilstein 5100 Kit,508
bilstein,5,Bilstein 5100 Rear Shock Set for 2007+ Tundra,Bilstein 5100 Rear Shock Set for 2007+ Tundra,508
bilstein,6,95-04 Tacoma Bilstein 5125 Shock,1995-2004 Tacoma Bilstein 5125 Shock,508
bilstein,7,All-Pro Sport Suspension Kit with Bilstein Shocks,All-Pro Sport Suspension Kit with Bilstein Shocks,508
bilstein,8,110007-1,"Bilstein 5125 10"" Shock",508
bilstein,9,2007+ Tundra Bilstein Shocks with Lift Block Kit,2007+ Tundra Bilstein Shocks with Lift Block Kit,508
bilstein,10,110009-1,"Bilstein 5125 14"" Shock",508
bilstein,11,110008-1,"Bilstein 5125 12"" Shock",508
bilstein,12,BILSTEIN B12 REAR COIL SPRING SUSPENSION,Bilstein B12 Rear Coil Spring Suspension Kits,508
bilstein,13,05+ Tacoma Rear Suspension Kit with Bilstein Shocks,05+ Tacoma Rear Suspension Kit with Bilstein Shocks,508
bilstein,14,All-Pro Suspension Kit with Bilstein Shocks,All-Pro Suspension Kit with Bilstein Shocks,508
bilstein,15,AP-306892,Spanner Wrench for small Bilstein Coilovers,508
bilstein,16,Bilstein 6112 Pair For 1999-2006 Tundra & 2001-2007 Sequoia,Bilstein 6112 Pair For 1999-2006 Tundra & 2001-2007 Sequoia,508
bilstein,17,AP-306891,Spanner Wrench for large Bilstein Coilovers,508
bilstein,18,BIL-47-309975,BILSTEIN 6112 SET FOR 2005+ TACOMA/07-09 FJC/03-09 4R - Unassembled with Bilstein Coils (600-lb/in),508
bilstein,19,BIL-192228,Bilstein 5150 Shock Stem Adapter (192228),508
bilstein,20,TUN-BILKIT4WD,2007+ Toyota Tundra Bilstein 5100 Kit 4WD,508
SUPERBUMPS,1,WHEELERS SUPERBUMP SPACERS,Wheeler's Superbump Spacers,37
SUPERBUMPS,2,WOR-308484,Wheeler's Superbump Front Bumpstop Set for 2015+ Chevrolet Colorado,37
SUPERBUMPS,3,WOR-309320,Wheeler's Front & Rear SuperBump Bumpstop Set for 2005+ Tacoma,37
SUPERBUMPS,4,WOR-309323,Wheeler's Front & Rear SuperBump Bumpstop Set for 2007+ Tundra,37
SUPERBUMPS,5,WOR-306957,Wheeler's U-Bolt Flip Kit with SuperBump Bump Stops,37
SUPERBUMPS,6,WOR-308069,Longer Bolts for Wheeler's Rear SuperBump Bumpstop Set,37
SUPERBUMPS,7,WOR-308068,"Wheeler's SuperBump Spacer Pair - 3/8"" Thick",37
SUPERBUMPS,8,WOR-308067,"Wheeler's SuperBump Spacer Pair - 1/4"" Thick",37
SUPERBUMPS,9,WOR-306954,Wheeler's SuperBump Bumpstop Pair with Universal Brackets (WOR-306954),37
SUPERBUMPS,10,WOR-306950,Wheeler's Rear SuperBump Bumpstop Set for 95+ Tacoma and 99-06 Tundra,37
SUPERBUMPS,11,WOR-309322,Wheeler's Front & Rear SuperBump Bumpstop Set for 2003+ 4Runner/2007-2014 FJ Cruiser,37
SUPERBUMPS,12,WOR-306953,Wheeler's SuperBump Bumpstop Pair with Universal Brackets and Mounting Hardware for All-Pro Flip Pla,37
SUPERBUMPS,13,WOR-308439,Wheeler's SuperBump Rear Bumpstop Set for 2004-2008 Ford F150 (WOR-308439),37
SUPERBUMPS,14,WOR-309321,Wheeler's Front & Rear SuperBump Bumpstop & Rear U-Bolt Flip Kit Set for 2005+ Tacoma,37
SUPERBUMPS,15,WOR-311120,Wheeler's Front & Rear SuperBump Bumpstop Set for 2015-2022 Chevy Colorado & GMC Canyon,37
SUPERBUMPS,16,WHEELER'S U-BOLT FLIP KIT,Wheeler's Rear Leaf  U-Bolt Flip Kit for 2005+ Tacoma  (available with or without Superbump Bump Stops),37
SUPERBUMPS,17,WOR-306951,Wheeler's Off-Road SuperBump Rear Bumpstop Set for 07-21 Tundra & 15-22 Colorado|Canyon,37
SUPERBUMPS,18,WOR-306952,Wheeler's SuperBump Rear Bumpstop Set for 03+ 4Runner and 2007-2014 FJ Cruiser (WOR-306952),37
SUPERBUMPS,19,WOR-306949,"Wheeler's Front Superbump Set for 03+ 4Runner, 07-14 FJ Cruiser, 05+ Tacoma, 07+ Tundra, & GX460/470",37
SUPERBUMPS,20,Wheeler's Superbump Logo T-Shirt,Wheeler's Superbump Logo T-Shirt,37
trail-pro,1,"Wheeler's Trail-Pro 2.5"" Lift Kit for 2010+ 4Runner","Wheeler's Trail-Pro 2.5"" Lift Kit for 2010+ 4Runner",3808
trail-pro,2,Trail-Pro Lift Kit for 2016+ Tacoma by Wheeler's Off-Road,Trail-Pro Lift Kit for 16+ Tacoma by Wheeler's Off-Road,3808
trail-pro,3,Trail-Pro Lift Kit for 03-09 4Runner by Wheeler's Off-Road,Trail-Pro Lift Kit for 03-09 4Runner by Wheeler's Off-Road,3808
trail-pro,4,Trail-Pro Lift Kit for 07-09 FJ Cruiser by Wheeler's Off-Road,Trail-Pro Lift Kit for 07-09 FJ Cruiser by Wheeler's Off-Road,3808
trail-pro,5,Trail-Pro Lift Kit for 2005-2015 Tacoma by Wheeler's Off-Road,Trail-Pro Lift Kit for 05-15 Tacoma by Wheeler's Off-Road,3808
trail-pro,6,Trail-Pro Lift Kit for 10-14 FJ Cruiser by Wheeler's Off-Road,Trail-Pro Lift Kit for 10-14 FJ Cruiser by Wheeler's Off-Road,3808
trail-pro,7,Trail-Pro Lift Kit for 98-04 Tacoma by Wheeler's Off-Road,Trail-Pro Lift Kit for 98-04 Tacoma by Wheeler's Off-Road,3808
trail-pro,8,WOR-308258,Trail-Pro Lift Kit for 03-09 4Runner - Assembled | no UCAs,3808
trail-pro,9,WOR-308257,Trail-Pro Lift Kit for 03-09 4Runner - Unassembled | no UCAs,3808
trail-pro,10,WOR-308262,Trail-Pro Lift Kit for 03-09 4Runner - Assembled | with UCAs,3808
trail-pro,11,WOR-308261,Trail-Pro Lift Kit for 03-09 4Runner - Unassembled | with UCAs,3808
trail-pro,12,WOR-307907,"Wheeler's Trail-Pro 2.5"" Lift Kit for 10+ 4Runner - T12 Rear Coils",3808
trail-pro,13,WOR-308264,Trail-Pro Lift Kit for 03-09 4Runner - Assembled (700-lb springs) | with UCAs,3808
trail-pro,14,WOR-308260,Trail-Pro Lift Kit for 03-09 4Runner - Assembled (700-lb springs) | no UCAs,3808
trail-pro,15,WOR-307912,"Wheeler's Trail-Pro 2.5"" Lift Kit for 10+ 4Runner - T13 Rear Coils Assembled",3808
trail-pro,16,WOR-307910,"Wheeler's Trail-Pro 2.5"" Lift Kit for 10+ 4Runner - T12 Rear Coils With UCA",3808
trail-pro,17,WOR-307911,"Wheeler's Trail-Pro 2.5"" Lift Kit for 10+ 4Runner - T13 Rear Coils",3808
trail-pro,18,WOR-308289,Trail-Pro Lift Kit for 10-14 FJ Cruiser by Wheeler's Off-Road - Unassembled | with UCAs,3808
trail-pro,19,WOR-308282,Trail-Pro Lift Kit for 07-09 FJ Cruiser by Wheeler's Off-Road - Assembled | with UCAs,3808
trail-pro,20,WOR-308277,Trail-Pro Lift Kit for 07-09 FJ Cruiser by Wheeler's Off-Road - Unassembled | no UCAs,3808
bump stop,1,Trail-Gear Performance 2.0” Threaded Body Bump Stop Sets,Trail-Gear Performance 2.0” Threaded Body Bump Stop Sets,385
bump stop,2,Trail-Gear Performance 2.5” Threaded Body Bump Stop Sets,Trail-Gear Performance 2.5” Threaded Body Bump Stop Sets,385
bump stop,3,Trail-Gear Performance 2.5” Smooth Body Pin Top Bump Stop Sets,Trail-Gear Performance 2.5” Smooth Body Pin Top Bump Stop Sets,385
bump stop,4,Trail-Gear Performance 2.0” Smooth Body Pin Top Bump Stop Sets,Trail-Gear Performance 2.0” Smooth Body Pin Top Bump Stop Sets,385
bump stop,5,TGI-310924,"Trail-Gear Performance 2.5” Threaded Body Bump Stop Sets - 4"" Stroke",385
bump stop,6,TGI-310916,"Trail-Gear Performance 2.0” Threaded Body Bump Stop Sets - 2"" Stroke",385
bump stop,7,Trail-Gear Performance 2.5” Threaded Body Bump Stops,Trail-Gear Performance 2.5” Threaded Body Bump Stops,385
bump stop,8,Trail-Gear Performance 2.0” Threaded Body Bump Stops,Trail-Gear Performance 2.0” Threaded Body Bump Stops,385
bump stop,9,TGI-310926,"Trail-Gear Performance 2.5” Smooth Body Pin Top Bump Stop Sets - 3"" Stroke",385
bump stop,10,TGI-310925,"Trail-Gear Performance 2.5” Smooth Body Pin Top Bump Stop Sets - 2"" Stroke",385
bump stop,11,TGI-310919,"Trail-Gear Performance 2.0” Smooth Body Pin Top Bump Stop Sets - 2"" Stroke",385
bump stop,12,140018-1-KIT,Bump Stop Extension (Pair),385
bump stop,13,TGI-310923,"Trail-Gear Performance 2.5” Threaded Body Bump Stop Sets - 3"" Stroke",385
bump stop,14,TGI-310922,"Trail-Gear Performance 2.5” Threaded Body Bump Stop Sets - 2"" Stroke",385
bump stop,15,TGI-310918,"Trail-Gear Performance 2.0” Threaded Body Bump Stop Sets - 4"" Stroke",385
bump stop,16,TGI-310917,"Trail-Gear Performance 2.0” Threaded Body Bump Stop Sets - 3"" Stroke",385
bump stop,17,3700-AP-PR,Universal Bump Stop Pair,385
bump stop,18,140054-1-KIT,Bump Stop with Extension Kit,385
bump stop,19,1995-2004 Tacoma Rear Performance Bump Stop Kit,1995-2004 Tacoma Rear Performance Bump Stop Kit,385
bump stop,20,TGI-310927,"Trail-Gear Performance 2.5” Smooth Body Pin Top Bump Stop Sets - 4"" Stroke",385
OME,1,OME-D43XL-X2,D43XL Extra Leaf Set For OME CS046R Rear Leaf Springs,4110
OME,2,OME-CS055R-X2,OME Dakar Rear Leaf Spring Set for 2007+ Toyota Tundra (CS055R),4110
OME,3,OME-D28XL-X2,OME Extra Leaf Set for 2007+ Tunda Rear Leaf Springs (D28XL x2),4110
OME,4,ARB-OME013,OME Samurai Rear Shock,4110
OME,5,ARB-OMESD30,Samurai OME Steering Dampener,4110
OME,6,OME-D29XL-X2,OLD MAN EMU EXTRA LEAF SET FOR OME CS047R LEAF SPRINGS (D29XL X2),4110
OME,7,ARB-OMESB19,Samurai OME Bushing Kit,4110
OME,8,OME-D6XL-X2,OLD MAN EMU D6XL EXTRA LEAF SET FOR OME CS018R / CS019R REAR LEAF SPRINGS,4110
OME,9,OME-90021-X2,"OME 90021 Nitrocharger Sport Front Shock Set - Unassembled - No Coils - for 03-09 4Runner, 07-09 FJ",4110
OME,10,OME Complete Nitrocharger Plus Suspension System for Tacoma,OME Complete Nitrocharger Plus Suspension System for Tacoma,4110
OME,11,ARB-OMEJKPF10,OME TRIM SPACER JK JEEP,4110
OME,12,ARB-2895,OME Coil Springs (2895),4110
OME,13,ARB-2619,OME 2619 Coil Springs,4110
OME,14,ARB-181469,OME Bushing Sleeve Reducer,4110
OME,15,OME-SB43-STOCK,Leaf Spring Bushing Kit for use with CS018R/19R OME Springs & Stock Shackles (Services One Spring),4110
OME,16,ARB-D21XL,OME Samurai Rear Extra Leaf,4110
OME,17,OME-90000-X2,"OME 90000 Nitrocharger Sport Front Shock Set - Unassembled - No Coils - for 03-09 4Runner, 07-09 FJ",4110
OME,18,ARB-60061,OME FRONT NITROCHARGER SPORT 4RUNNER,4110
OME,19,ARB-60067,"OME NITROCHARGER SPORT SHOCK, JK",4110
OME,20,ARB-2961,Rear GV MD OME Spring,4110
KNUCKLE,1,TOYOTA FJ80 KNUCKLE REBUILD KIT,Toyota FJ80 Knuckle Rebuild Kit,568
KNUCKLE,2,140054-1,Knuckle Stud,568
KNUCKLE,3,TOYOTA KNUCKLE REBUILD KIT,Toyota Knuckle Rebuild Kit,568
KNUCKLE,4,300117-1-KIT,Knuckle Sandwich,568
KNUCKLE,5,186115-1-KIT,TG Super Metal Knuckle Studs Hardware Kit (per knuckle),568
KNUCKLE,6,170001,E12 Knuckle Stud Socket,568
KNUCKLE,7,140228-1-KIT,"Lower Knuckle Caps, Pair",568
KNUCKLE,8,140055-1,Knuckle Stud Nut,568
KNUCKLE,9,ARP Heavy Duty Toyota Knuckle Studs,ARP Heavy Duty Toyota Knuckle Studs,568
KNUCKLE,10,170004-KIT,Knuckle Pull Scale,568
KNUCKLE,11,140006-1-KIT,Knuckle Rebuild Kit,568
KNUCKLE,12,YGA-33173,"Stud, knuckle to spindle",568
KNUCKLE,13,130007-1-KIT,Six Stud Knuckle Shim Pack,568
KNUCKLE,14,Suzuki Samurai Knuckle King Pin Shims,Suzuki Samurai Knuckle King Pin Shims,568
KNUCKLE,15,DANA 60 BALL JOINT KNUCKLE SET,Dana 60 Ball Joint Knuckle Set,568
KNUCKLE,16,130006-1-KIT,"6 Stud Knuckle, Pair",568
KNUCKLE,17,TG - FJ40 Knuckle Swap Kit,Trail-Gear FJ40 Knuckle Swap Kit,568
KNUCKLE,18,303749-1-KIT,Toyota FJ80 Knuckle Rebuild Kit - with Bearings,568
KNUCKLE,19,SAX-KRW/B,Samurai Knuckle Rebuild Kit with Wheel Bearings,568
KNUCKLE,20,300538-KIT,"Knuckle, D60, Ball Joint, (Drivers Side)",568
Toyota pickup,1,TOYOTA PICKUP/4RUNNER WINCH MOUNT,Toyota Pickup/4Runner Winch Mount,2144
Toyota pickup,2,Toyota Pickup Exedy Clutch Kits,Toyota Pickup Exedy Clutch Kits,2144
Toyota pickup,3,1987-1988 Toyota Pickup Side View Mirrors,1987-1988 Toyota Pickup Side View Mirrors,2144
Toyota pickup,4,Toyota Pickup Exterior Chrome Door Handle,Toyota Pickup Exterior Chrome Door Handle,2144
Toyota pickup,5,1984-1988 Toyota Pickup Tail Lamp Lenses,1984-1988 Toyota Pickup Tail Lamp Lenses,2144
Toyota pickup,6,1984-1988 Toyota Pickup Tail Lamp Assemblies,1984-1988 Toyota Pickup Black Taillamp Assemblies,2144
Toyota pickup,7,1979-1983 Toyota Pickup Tail Light Lenses,1979-1983 Toyota Pickup Tail Light Lenses,2144
Toyota pickup,8,1979-1981 Toyota Pickup Side Marker Lights,1979-1981 Toyota Pickup Side Marker Lights,2144
Toyota pickup,9,1984-1988 Toyota Pickup Chrome Taillamp Assemblies,1984-1988 Toyota Pickup Chrome Taillamp Assemblies,2144
Toyota pickup,10,1984-1995 Toyota Pickup APEX Rock Sliders with Fill Plates,1984-1995 Toyota Pickup APEX Rock Sliders with Fill Plates,2144
Toyota pickup,11,1984-1988 Toyota Pickup Manual Regulators Vent,1984-1988 Toyota Pickup Manual Window Regulators with Vent Window,2144
Toyota pickup,12,1989-1991 Toyota Pickup 1990-1991 4Runner Park Lamps,1989-1991 Toyota Pickup 1990-1991 4Runner Park Lamps,2144
Toyota pickup,13,"1984-1988 Toyota Pickup, 1984-1989 4Runner Signal Lamps","1984-1988 Toyota Pickup, 1984-1989 4Runner Signal Lamps",2144
Toyota pickup,14,1984-1995 Toyota Pickup 4Runner All-Pro Tube Bumper,1984-1995 Toyota Pickup 4Runner Tube Bumper,2144
Toyota pickup,15,1986-1995 Toyota Pickup 2.5 Ball Joint Spacer Lift Kit,"1986-1995 Toyota Pickup 2.5"" Ball Joint Spacer Lift Kit",2144
Toyota pickup,16,Toyota Pickup | 4Runner Silverback HD Rear Axle Shaft Pair,Toyota Pickup | 4Runner Silverback HD Rear Axle Shaft Pair,2144
Toyota pickup,17,TEU-ARE,1984-1990 Toyota Pickup Aluminum Radiator,2144
Toyota pickup,18,1984-1988 Toyota Pickup Manual Regulator,"1984-1988 Toyota Pickup, 1984-1989 4-Runner Manual Window Regulator",2144
Toyota pickup,19,"TOYOTA PICKUP & 4RUNNER EXTENDED BRAKE LINES 26"" DOT APPROVED","Toyota Pickup & 4Runner Extended Brake Lines 26"" Dot Approved",2144
Toyota pickup,20,Toyota 79-95 Pickup and 85-95 4Runner Drag Links,Toyota 79-95 Pickup | 85-95 4Runner Drag Links,2144
BILSTEIN 5100,1,2007+ Toyota Tundra Bilstein 5100 Kit,2007+ Toyota Tundra Bilstein 5100 Kit,284
BILSTEIN 5100,2,Bilstein 5100 Rear Shock Set for 2007+ Tundra,Bilstein 5100 Rear Shock Set for 2007+ Tundra,284
BILSTEIN 5100,3,TUN-BILKIT4WD,2007+ Toyota Tundra Bilstein 5100 Kit 4WD,284
BILSTEIN 5100,4,"1995-2004 Toyota Tacoma Bilstein 5100 Rear Shocks 0-1"" Lift","1995-2004 Toyota Tacoma Bilstein 5100 Rear Shocks 0-1"" Lift",284
BILSTEIN 5100,5,BILSTEIN 5100 HEIGHT 1995-2004 TACOMA,Bilstein 5100 Height-Adjustable Front Shock Pair For 1995-2004 Tacoma,284
BILSTEIN 5100,6,BILSTEIN 5100 HEIGHT 2016+ TACOMA (24-263108),"Bilstein 5100 Height-Adjustable Front Shock Pair, 2016+ Tacoma (24-263108)",284
BILSTEIN 5100,7,TUN-BILKIT2WD,2007+ Toyota Tundra Bilstein 5100 Kit 2WD,284
BILSTEIN 5100,8,BIL-BE5-D558-TO,1995-2004 Tacoma Adjustable Bilstein 5100 Front Strut,284
BILSTEIN 5100,9,BIL-BE5-D559-D560-PAIR,Bilstein 5100 Rear Shock Pair for 1995-2004 Tacoma,284
BILSTEIN 5100,10,1st Gen Tacoma Bilstein 5100 Series with Old Man Emu Springs,1st Gen Tacoma Bilstein 5100 Series with Old Man Emu Springs,284
BILSTEIN 5100,11,BIL-24-249966,"96-02 4Runner, Rear Bilstein 5100, 0-2""",284
BILSTEIN 5100,12,BIL-24-239370-X2,Bilstein 5100 Height Adjustable Front Shock Pair (24-239370),284
BILSTEIN 5100,13,WOR-309515,Bilstein 5100 Rear Shock Set for 2007+ Tundra - 2 inch,284
BILSTEIN 5100,14,BIL-24-186971-X2,Bilstein 5100 Rear Shock Set for 2007+ Tundra (24-186971 x2),284
BILSTEIN 5100,15,BIL-24-100144,1999-2006 Tundra Rear Bilstein 5100 Series Shocks (24-100144),284
BILSTEIN 5100,16,BIL-24-186728-X2,Bilstein 5100 Rear Shock Pair For 05+ Tacoma (24-186728 x2),284
BILSTEIN 5100,17,WOR-309516,Bilstein 5100 Rear Shock Set for 2007+ Tundra - 4 inch,284
BILSTEIN 5100,18,TUN-BILR,2007+ Toyota Tundra Bilstein 5100 Series Rear Shock Absorbers (24-321150),284
BILSTEIN 5100,19,BIL-24-265874-X2,Bilstein 5100 Rear Shock Pair for 2015+ Colorado (BIL 24-265874 X2),284
BILSTEIN 5100,20,BIL-24-263108-X2,"Bilstein 5100 Height Adjustable Front Shock Pair, 2016+ Tacoma (24-263108)",284
Fj cruiser,1,2006-2014 Toyota FJ Cruiser Rock Sliders,2006-2014 Toyota FJ Cruiser Rock Sliders,542
Fj cruiser,2,2007-2014 Toyota FJ Cruiser Headlamp/Headlight Assemblies,2007-2014 Toyota FJ Cruiser Headlamp/Headlight Assemblies,542
Fj cruiser,3,Toyota FJ Cruiser Gloss Black Power Mirrors With Lamps,2007-2014 Toyota FJ Cruiser Gloss Black Power Mirrors With Lamps,542
Fj cruiser,4,2007-2014 Toyota FJ Cruiser Tail Lights,2007-2014 Toyota FJ Cruiser Tail Lamps/Tail Lights,542
Fj cruiser,5,120012-1-KIT,FJ Cruiser Rock Sliders,542
Fj cruiser,6,2006-2014 APEX Toyota FJ Cruiser Rock Sliders,2006-2014 APEX Toyota FJ Cruiser Rock Sliders,542
Fj cruiser,7,Steering Tie Rod Extensions For Tacoma | FJ Cruiser | 4Runner,Steering Tie Rod Extensions For Tacoma | FJ Cruiser | 4Runner,542
Fj cruiser,8,FJ Cruiser Tailgate Center and Lower Covers by Warrior Products,FJ Cruiser Tailgate Center and Lower Covers by Warrior Products,542
Fj cruiser,9,Inner Boot Kits for 10-14 FJ Cruiser & 10-18 4Runner,Inner Boot Kits for 10-14 FJ Cruiser and 10-18 4Runner,542
Fj cruiser,10,2007-2014 Toyota FJ Cruiser Rear Corners by Warrior Products,2007-2014 Toyota FJ Cruiser Rear Corners by Warrior Products,542
Fj cruiser,11,Inner Boot Kits for 07-09 FJ Cruiser & 03-09 4Runner,Inner Boot Kits for 07-09 FJ Cruiser & 03-09 4Runner,542
Fj cruiser,12,WPI-3077,Warrior Toyota FJ Cruiser Adventure Tube Doors,542
Fj cruiser,13,Eibach Pro-Truck Lift System (Stage 1) for 2007-2009 FJ Cruiser,Eibach Pro-Truck Lift System (Stage 1) for 2007 - 2009 FJ Cruiser,542
Fj cruiser,14,2-inch Long Travel Kit For 4th Gen 4Runner & FJ Cruiser,2” Long Travel Kit For 4th Gen Toyota 4Runner & Toyota FJ Cruiser,542
Fj cruiser,15,Complete IFS Boot Kits for 10-14 FJ Cruiser & 10-18 4Runner,Outer and Inner Boot Kits for 10-14 FJ Cruiser and 10-18 4Runner,542
Fj cruiser,16,Complete IFS Boot Kit for 07-09 FJ Cruiser & 03-09 4Runner,Outer and Inner Boot Kits - 07-09 FJ Cruiser | 03-09 4Runner,542
Fj cruiser,17,OME Complete Nitrocharger Plus Suspension System for FJ Cruiser,Old Man Emu Complete Nitrocharger Plus Suspension System for FJ Cruiser (2007-2010),542
Fj cruiser,18,WPI-3900PC,Warrior FJ Cruiser Rocker Panel Covers (3900PC),542
Fj cruiser,19,300654-KIT,FJ Cruiser Rear Differential Armor (2007-2014),542
Fj cruiser,20,WPI-3810,Warrior Toyota FJ Cruiser Drop-In Cargo Rack,542
All-pro long travel kit,1,All-Pro Long Travel Kit with King Remote Coilovers 16+ Tacoma,"2"" All-Pro Long Travel Kit with King Remote Reservoir Coilovers 2016+ Tacoma",4379
All-pro long travel kit,2,LONG TRAVEL KIT FOR 05-15 TACOMA,"2"" All-Pro Long Travel Kit with King Long Travel Coilovers For 2nd Gen Tacoma",4379
All-pro long travel kit,3,AP-307440,2010+ 4Runner /FJ Cruiser All-Pro Long Travel Kit,4379
All-pro long travel kit,4,All-Pro Long Travel Kit for 4Runner King Front Coilovers,All-Pro Long Travel Kit w/ King Remote Res. Front Coilovers for 2010+ 4Runner/2010+ FJ Cruiser ,4379
All-pro long travel kit,5,WOR-307165,"2"" All-Pro Long Travel Kit for 2016+ Tacoma w/ King Remote Reservoir Front Coilovers",4379
All-pro long travel kit,6,WOR-307161,"2"" All-Pro Long Travel Kit for 2010+ 4Runner/2010+ FJ Cruiser w/ King Remote Res. Front Coilovers",4379
All-pro long travel kit,7,WOR-307162,"2"" All-Pro Long Travel Kit for 2010+ 4Runner/2010+ FJ Cruiser w/King Remote Res Adj. Front Coilovers",4379
All-pro long travel kit,8,AP-307127,2016+ Toyota Tacoma Long Travel Kit,4379
All-pro long travel kit,9,AP-306716,2005-2015 Toyota Tacoma Long Travel Kit,4379
All-pro long travel kit,10,WOR-307166,"2"" Long Travel Kit for 2016+ Tacoma w/ King Remote Reservoir Adj. Front Coilovers",4379
All-pro long travel kit,11,AP-311467,All-Pro 2nd & 3rd Gen Tacoma UCA Bushing & Sleeve Kit (2005-2023 Tacoma),4379
All-pro long travel kit,12,AP-311466,All-Pro 1st Gen Tacoma UCA Bushing & Sleeve Kit (1995-2004 Tacoma),4379
All-pro long travel kit,13,AP-309073,"Replacement Uniball Bolt, Nut, and Washer for Long Travel Lower Control Arms",4379
All-pro long travel kit,14,All-Pro Suspension Kit with Bilstein Shocks,All-Pro Suspension Kit with Bilstein Shocks,4379
All-pro long travel kit,15,All-Pro APEX Suspension kit with King Shocks,All-Pro APEX Suspension kit with King Shocks,4379
All-pro long travel kit,16,AP-306743,"2005+ Tacoma Rear 3"" Leaf Springs | Standard Springs",4379
All-pro long travel kit,17,AP-306795,2005+ Toyota Tacoma Pro Suspension Kit with Bilstein Shocks and Expedition Rear Leaf Springs,4379
All-pro long travel kit,18,AP-306760,2005+ Toyota Tacoma APEX Suspension Kit with Fox Shocks Standard Rear Leaf Springs,4379
All-pro long travel kit,19,AP-306762,2005+ Toyota Tacoma APEX Suspension Kit with Fox Shocks Standard Leaf Springs and Universal Bump Sto,4379
All-pro long travel kit,20,AP-306912,Toyota FJ Cruiser Rear AntiRock Sway Bar Kit,4379
bump stops,1,"Mounting Sleeve for King 2.5"" Bump Stops","Mounting Sleeve for King 2.5"" Bump Stops",391
bump stops,2,Trail-Gear Performance 2.5” Threaded Body Bump Stops,Trail-Gear Performance 2.5” Threaded Body Bump Stops,391
bump stops,3,"King Shocks Bump Stops 2.0"" (BS2020, BS2040)","King Shocks Bump Stops 2.0"" (BS2020, BS2040)",391
bump stops,4,"Mounting Sleeve for King 2.0"" Bump Stops","Mounting Sleeve for King 2.0"" Bump Stops",391
bump stops,5,Trail-Gear Performance 2.0” Threaded Body Bump Stops,Trail-Gear Performance 2.0” Threaded Body Bump Stops,391
bump stops,6,"King Shocks Bump Stops 2.5"" (BS2525, BS2540)","King Shocks Bump Stops 2.5"" (BS2525, BS2540)",391
bump stops,7,Trail-Gear Performance 2.5” Smooth Body Pin Top Bump Stops,Trail-Gear Performance 2.5” Smooth Body Pin Top Bump Stops,391
bump stops,8,Trail-Gear Performance 2.0” Smooth Body Pin Top Bump Stops,Trail-Gear Performance 2.0” Smooth Body Pin Top Bump Stops,391
bump stops,9,WOR-306957,Wheeler's U-Bolt Flip Kit with SuperBump Bump Stops,391
bump stops,10,WOR-306956,U-Bolt Flip Kit with Timbren Bump Stops,391
bump stops,11,KST-BS2020,"King Shocks Bump Stops 2.0"" x 2.0""",391
bump stops,12,3700-TIM-F,2005+ Toyota Tacoma Front Timbren Bump Stops,391
bump stops,13,KST-20AB422-104,"Mounting Sleeve for King 2.0"" Bump Stops - 2""",391
bump stops,14,KST-BS2040,"King Shocks Bump Stops 2.0"" x 4.0""",391
bump stops,15,TGI-311051,Rebuild Kit for Trail-Gear 2.5” Performance Bump Stops,391
bump stops,16,KST-20AB422-103,"Mounting Sleeve for King 2.0"" Bump Stops - 4""",391
bump stops,17,KST-25AB414-103,"Mounting Sleeve for King 2.5"" Bump Stops - 4""",391
bump stops,18,TGI-311020,"Replacement Delrin Pad for Trail-Gear Performance 2.0” & 2.5"" Bump Stops",391
bump stops,19,EXP-MX2040B,"OBS 4"" Travel Air Bump Stops - 2"" OD by Pro Comp",391
bump stops,20,TGI-311037, Spanner Wrench for Trail-Gear 2.5” Performance Bump Stops,391
ROCK ASSAULT,1,ROCK ASSAULT 9 REAR TRUSS KIT,Rock Assault 9 Rear Truss Kit,916
ROCK ASSAULT,2,140266-1-KIT,"Rock Assault Drag Link - Rock Assault Length - 35""",916
ROCK ASSAULT,3,"ROCK ASSAULT 9"" SEAL HOUSING KIT","Rock Assault 9"" Seal Housing Kit",916
ROCK ASSAULT,4,ROCK ASSAULT 9 FRONT ROLLER KIT,Rock Assault 9 Front Roller Kit,916
ROCK ASSAULT,5,ROCK ASSAULT 9-IN AXLE SHAFTS,"Rock Assault 9"" Axle Shafts",916
ROCK ASSAULT,6,ROCK ASSAULT 9 AXLE HOUSING,Rock Assault 9 Axle Housing,916
ROCK ASSAULT,7,ROCK ASSAULT 9 REAR ROLLER KIT,Rock Assault 9 Rear Roller Kit,916
ROCK ASSAULT,8,SAMURAI ROCK ASSAULT AXLE HOUSING KIT,Rock Assault Samurai Rear Axle Housing Kit,916
ROCK ASSAULT,9,140273-1-KIT,Rock Assault Steering Stops,916
ROCK ASSAULT,10,130309-KIT,Rock Assault Reservoir Bracket,916
ROCK ASSAULT,11,ROCK ASSAULT LH DROP FRONT AXLE HOUSING,Rock Assault LH Drop Front Axle Housing,916
ROCK ASSAULT,12,ROCK ASSAULT TACOMA REAR AXLE HOUSING,Rock Assault Tacoma Rear Axle Housing - With or Without E-locker,916
ROCK ASSAULT,13,110167-1-KIT,Trail-Gear Rock Assault Front Axle Truss for Rock Assault Toyota Front Axle Housing,916
ROCK ASSAULT,14,Rock Assault Front Axle Housing,Trail Gear Rock Assault Front Axle Housing,916
ROCK ASSAULT,15,Rock Assault Fully-Built Front Axles,Rock Assault Fully-Built Front Axles,916
ROCK ASSAULT,16,LONGFIELD CHROMOLY SAMI LENGTH ROCK ASSAULT REAR AXLE SHAFTS,Longfield Chromoly Sami Length Rock Assault Rear Axle Shafts,916
ROCK ASSAULT,17,"ROCK ASSAULT 9"" REAR AXLE HOUSING WITH SHAFTS","Rock Assault 9"" Rear Axle Housing With Shafts",916
ROCK ASSAULT,18,ROCK ASSAULT DOUBLE-ENDED RAM 2.5 BORE X 1.375 ROD,Rock Assault Double-Ended Ram 2.5 Bore X 1.375 Rod,916
ROCK ASSAULT,19,ROCK ASSAULT FULLY BUILT REAR AXLE HOUSING,Rock Assault Fully Built Rear Axle Housing,916
ROCK ASSAULT,20,ROCK ASSAULT FULLY BUILT REAR AXLES,Rock Assault™ Fully Built Rear Axles,916
Land cruiser,1,FJ40 Land Cruiser High Steer Kits,FJ40 Land Cruiser High Steer Kits,525
Land cruiser,2,YGA-30326,"Front inner axle seal, Land Cruiser",525
Land cruiser,3,"1990-1992 Toyota Land Cruiser 9.5"" Ring and Pinion Gears","1990-1992 Toyota Land Cruiser 9.5"" Ring and Pinion Gears",525
Land cruiser,4,Longfield Chromoly FJ80 Land Cruiser Semi-Float Rear Axle Shafts,Longfield Chromoly FJ80 Land Cruiser Semi-Float Rear Axle Shafts,525
Land cruiser,5,ARB-OMESD24,60/61/62 Series Land Cruiser Steering Damper,525
Land cruiser,6,Outer Boot Kit-07-18 Tundra | 98-18 Land Cruiser | 08-18 Sequoia,Outer Boot Kits for 07-18 Tundra | 98-18 Land Cruiser | 08-18 Sequoia,525
Land cruiser,7,ADV-AD0773,98-07 Land Cruiser 100 Rear Brake Pads,525
Land cruiser,8,Inner Boot Kit-07-18 Tundra | 08-18 Land Cruiser | 08-18 Sequoia,Inner Boot Kits for 07-18 Tundra | 08-18 Land Cruiser | 08-18 Sequoia,525
Land cruiser,9,ARB-60020,Old Man Emu Land Cruiser 80 Sport Shock (60020),525
Land cruiser,10,Complete Boot Kit-07-18 Tundra|08-18 Land Cruiser|08-18 Sequoia,Outer and Inner Boot Kits for 07-18 Tundra | 08-18 Land Cruiser | 08-18 Sequoia,525
Land cruiser,11,304569-1-KIT,Toyota Land Cruiser Semi-Float Rear Axle Rebuild Kit,525
Land cruiser,12,TOY-75453-60012,"4WD Emblem, Land Cruiser FJ40 Rear (TOY-75453-60012)",525
Land cruiser,13,YGA-30325,"8"" front straight axle inner seal & some Land Cruiser",525
Land cruiser,14,WPI-90856,FJ40 Land Cruiser Adventure Tube Doors by Warrior Products (90856),525
Land cruiser,15,TOY-90310-35010,"Toyota FJ80 Land Cruiser Front Inner Axle Seal, OEM Toyota",525
Land cruiser,16,304048-1,Toyota Land Cruiser FJ40/60/80 Rear Axle C-Clip,525
Land cruiser,17,ARB-4411010,ARB Side Rail with Flares for Toyota Land Cruiser 80 Series (4411010),525
Land cruiser,18,ARB-OMEGS1,60/61/62 Series Land Cruiser Rear Greasable Shackle Kit,525
Land cruiser,19,ARB-RD153,"Toyota Land Cruiser 9.5"" ARB Air Locker Semi Floating (RD153)",525
Land cruiser,20,ARB-OMEGS2,60/61/62 Series Land Cruiser Front Greasable Shackle Kit,525
Transfer case,1,Samurai Transfer Case Drain Plug,Samurai Transfer Case Drain Plug,452
Transfer case,2,Samurai Transfer Case Fill Plug,Samurai Transfer Case Fill Plug,452
Transfer case,3,Samurai Transfer Case Main Bearings,Samurai Transfer Case Main Bearings,452
Transfer case,4,Replacement Samurai 6.5 Transfer Case Gears,Replacement Samurai 6.5 Transfer Case Gears,452
Transfer case,5,Suzuki Samurai Late (Large) Transfer Case Flanges,Suzuki Samurai Late (Large) Transfer Case Flanges,452
Transfer case,6,Trail-Creeper 2.28 Transfer Case Gear Set,Trail-Creeper 2.28 Transfer Case Gear Set,452
Transfer case,7,Suzuki Samurai Transfer Case Gear Shims,Suzuki Samurai Transfer Case Gear Shims,452
Transfer case,8,Suzuki Samurai Transfer Case Rebuild Kits,Suzuki Samurai Transfer Case Rebuild Kits,452
Transfer case,9,TOYOTA TRANSFER CASE REBUILD MAJOR OR MINOR,Toyota Transfer Case Rebuild Major Or Minor,452
Transfer case,10,105003-1,Toyota Transfer Case Mount,452
Transfer case,11,100008-1-KIT,Transfer Case Shifter with Knob,452
Transfer case,12,105034-3-KIT,Samurai Transfer Case Shifter Seat,452
Transfer case,13,105002-1-KIT,Toyota Transfer Case Rebuild Major,452
Transfer case,14,100064-1-KIT,Transfer Case Single Shifter Boot,452
Transfer case,15,100083-1,Toyota Transfer Case Detent Bolt,452
Transfer case,16,105001-1,Toyota Transfer Case Rebuild Minor,452
Transfer case,17,STC-MB-2,Transfer Case Main Bearing #2,452
Transfer case,18,STC-MB-1,Transfer Case Main Bearing #1,452
Transfer case,19,Replacement Trail-Creeper Toyota 4.7 Transfer Case Gears,Replacement Trail-Creeper Toyota 4.7 Transfer Case Gears,452
Transfer case,20,TDT-TMAFT,Toyota OEM Style Transfer Case Mount,452
Longfield,1,LONGFIELD NISSAN PATROL Y60 BIRFIELD,Longfield Nissan Patrol Y60 Birfield,386
Longfield,2,LONGFIELD SAMURAI FRONT AXLE SHAFTS,Longfield Samurai Front Axle Shafts,386
Longfield,3,LONGFIELD CHROMOLY REAR AXLE SHAFTS,Longfield Chromoly Rear Axle Shafts,386
Longfield,4,LONGFIELD CHROMOLY INNER HUB GEAR,Longfield Chromoly Inner Hub Gear,386
Longfield,5,LONGFIELD NISSAN INNER AXLE SHAFTS,Longfield Nissan Inner Axle Shafts,386
Longfield,6,LONGFIELD CUSTOM 35-SPLINE AXLE SHAFTS,Longfield Custom 35-Spline Axle Shafts,386
Longfield,7,LONGFIELD TACOMA DRIVELINE SPACER,Longfield Tacoma Driveline Spacer,386
Longfield,8,LONGFIELD JIMNY JB23 INNER AXLE SHAFTS,Longfield Jimny JB23 Inner Axle Shafts,386
Longfield,9,LONGFIELD TOYOTA DRIVELINE SPACER,Longfield Toyota Driveline Spacer,386
Longfield,10,LONGFIELD FJ80 24 SPLINE INNER AXLE,Longfield FJ80 24 Spline Inner Axle,386
Longfield,11,Longfield LC79 30 Spline Inner Axle,Longfield LC79 30 Spline Inner Axle,386
Longfield,12,Longfield Dana 30/44 Spindle Bushing,Longfield Dana 30/44 Spindle Bushing,386
Longfield,13,LONGFIELD CHROMOLY REAR AXLE SHAFTS PAIR,Longfield Chromoly Rear Axle Shafts Pair,386
Longfield,14,LONGFIELD JIMNY JA11 INNER AXLE SHAFTS,Longfield Jimny JA11 Inner Axle Shafts,386
Longfield,15,LONGFIELD 30-SPLINE INNER AXLE LJ70,Longfield 30-Spline Inner Axle LJ70,386
Longfield,16,LONGFIELD FJ80 30 SPLINE INNER AXLE,Longfield FJ80 30 Spline Inner Axle,386
Longfield,17,LONGFIELD CUSTOM 30-SPLINE AXLE SHAFTS,Longfield Custom 30-Spline Axle Shafts,386
Longfield,18,LONGFIELD NISSAN PATROL Y60 BIRFIELD/AXLE KIT,Longfield Nissan Patrol Y60 Birfield/Axle Kit,386
Longfield,19,"Longfield Rear Axle Shafts, Chromo, Jimny JB23","Longfield Rear Axle Shafts, Chromo, Jimny JB23",386
Longfield,20,LONGFIELD 30-SPLINE BIRFIELD AND AXLE KITS,Longfield 30-Spline Birfield/Axle Kits,386
Rock sliders,1,2010-Current Toyota 4Runner Rock Sliders,2010-Current Toyota 4Runner Rock Sliders,497
Rock sliders,2,2018+ Suzuki Jimny Rock Sliders,2018+ Suzuki Jimny Rock Sliders,497
Rock sliders,3,ROCK SLIDER KIT,Weld-On Rock Sliders,497
Rock sliders,4,1984-1995 Toyota Truck Rock Sliders,1984-1995 Toyota Truck Rock Sliders,497
Rock sliders,5,2005-2023 Toyota Tacoma HD Rock Sliders,2005-2023 Toyota Tacoma HD Rock Sliders,497
Rock sliders,6,2005+ Toyota Tacoma APEX Rock Sliders,2005+ Toyota Tacoma APEX  Rock Sliders,497
Rock sliders,7,2015+ Chevy Colorado - GMC Canyon HD Rock Sliders,2015+ Chevy Colorado | GMC Canyon HD Rock Sliders,497
Rock sliders,8,2006-2014 Toyota FJ Cruiser Rock Sliders,2006-2014 Toyota FJ Cruiser Rock Sliders,497
Rock sliders,9,2010-Current APEX Toyota 4Runner Rock Sliders, 2010-Current APEX Toyota 4Runner Rock Sliders,497
Rock sliders,10,1995-2004 Tacoma and 4Runner Rock Sliders,1995-2004 Tacoma and 4Runner Rock Sliders,497
Rock sliders,11,120012-1-KIT,FJ Cruiser Rock Sliders,497
Rock sliders,12,2006-2014 APEX Toyota FJ Cruiser Rock Sliders,2006-2014 APEX Toyota FJ Cruiser Rock Sliders,497
Rock sliders,13,2015+ Chevy Colorado | GMC Canyon Apex Rock Sliders,2015+ Chevy Colorado | GMC Canyon Apex Rock Sliders,497
Rock sliders,14,Suzuki Samurai Defiant Armor Rocker Mount Rock Sliders,Suzuki Samurai Defiant Armor Rocker Mount Rock Sliders,497
Rock sliders,15,AP-306641,2010+ Toyota 4Runner APEX Rock Sliders,497
Rock sliders,16,AP-306643,2010+ Toyota 4Runner Rock Sliders,497
Rock sliders,17,1984-1995 Toyota Pickup APEX Rock Sliders with Fill Plates,1984-1995 Toyota Pickup APEX Rock Sliders with Fill Plates,497
Rock sliders,18,AP-306644,2010+ Toyota 4Runner Rock Sliders Black Powdercoat,497
Rock sliders,19,LROR-307697,2018+ Suzuki Jimny Rock Sliders - Bare,497
Rock sliders,20,2005-APEX,2005+ Toyota Tacoma APEX  Rock Sliders | Bare,497
old man emu,1,ARB-2898,OLD MAN EMU OLD MAN EMU 2898 REAR COIL SPRING SET,670
old man emu,2,ARB-2793,Old Man Emu 2793,670
old man emu,3,ARB-2896,OLD MAN EMU OLD MAN EMU 2896 REAR COIL SPRING SET,670
old man emu,4,ARB-60002,Old Man Emu 60002 Shocks,670
old man emu,5,Old Man Emu Bushing Kits for 1995-1997 Toyota Tacoma,Old Man Emu Bushing Kits for 1995-1997 Toyota Tacoma,670
old man emu,6,ARB-OMEU61B,OLD MAN EMU U BOLT (OMEU61B),670
old man emu,7,ARB-OME029,OLD MAN EMU NITROCHARGER SHOCKS (OME029),670
old man emu,8,ARB-OME028,OLD MAN EMU NITROCHARGER SHOCKS (OME028),670
old man emu,9,Tundra 5.7L Old Man Emu Heavy Load Kits,Tundra 5.7L Old Man Emu Heavy Load 200lbs+ Suspension Kits (OMETUN57HKS),670
old man emu,10,ARB-OMEGP3,OLD MAN EMU GREASABLE PIN KIT,670
old man emu,11,ARB-OMEU61,OLD MAN EMU U BOLT (OMEU61),670
old man emu,12,ARB-2965,OLD MAN EMU COIL SPRING (OME965),670
old man emu,13,ARB-2892,OLD MAN EMU COIL SPRING (2892),670
old man emu,14,ARB-2617,"OLD MAN EMU COIL SPRINGS, JK",670
old man emu,15,ARB-TP04,Old Man Emu Rear Trim Spacer (TP04),670
old man emu,16,ARB-OMEU62,OLD MAN EMU U BOLT (OMEU62),670
old man emu,17,ARB-2968,OLD MAN EMU COIL SPRING (OME966),670
old man emu,18,ARB-60080,"Old Man Emu Rear Shock, 60080",670
old man emu,19,"2000-2007 Toyota Sequoia Suspension Kit - 2"" Lift by Old Man Emu","2000-2007 Toyota Sequoia Suspension Kit - 2"" Lift by Old Man Emu",670
old man emu,20,Old Man Emu MT64 Front Shock Set for 2nd & 3rd Gen Tacoma,Old Man Emu MT64 Front Shock Set for 2nd & 3rd Gen Tacoma,670
tacoma high clearance rear bumper,1,05-15 Tacoma Aluminum High Clearance Rear Bumper,All-Pro Aluminum High Clearance Rear Bumper for 2005-2015 Tacoma,3665
tacoma high clearance rear bumper,2,05-15 Tacoma Steel High Clearance Rear Bumper,All-Pro Steel High Clearance Rear Bumper for 05-15 Tacoma,3665
tacoma high clearance rear bumper,3,AP-306670,2005-2015 Toyota Tacoma Aluminum High Clearance Rear Bumper,3665
tacoma high clearance rear bumper,4,AP-306674,2005-2015 Toyota Tacoma Steel High Clearance Rear Bumper - BARE,3665
tacoma high clearance rear bumper,5,AP-307325,2016-2023 Tacoma APEXG3N Steel High Clearance Rear Bumper (BARE),3665
tacoma high clearance rear bumper,6,AP-306669,2005-2015 Toyota Tacoma Aluminum High Clearance Rear Bumper - Black Powder Coat,3665
tacoma high clearance rear bumper,7,AP-306673,2005-2015 Toyota Tacoma Steel High Clearance Rear Bumper - Black Powder Coat,3665
tacoma high clearance rear bumper,8,AP-307334,2016-2023 Tacoma APEXG3N Steel High Clearance Rear Bumper (Black Powder Coat),3665
tacoma high clearance rear bumper,9,2005-2015 Toyota Tacoma High Clearance Dual Swing-Out Bumper,All-Pro High Clearance Dual Swing-Out Bumper for 05-15 Tacoma,3665
tacoma high clearance rear bumper,10,AP-306944,2005-2015 Toyota Tacoma High Clearance Dual Swing-Out Bumper - Bare,3665
tacoma high clearance rear bumper,11,AP-306667,2005-2015 Toyota Tacoma Reciever Hitch for 2205T Rear Bumpers,3665
tacoma high clearance rear bumper,12,AP-306668,2005-2015 Toyota Tacoma Reciever Hitch for 2205T Rear Bumpers Black Powdercoat,3665
tacoma high clearance rear bumper,13,16+ Tacoma APEXG3N Steel Rear Bumper,2016-2023 Tacoma APEXG3N Steel Rear Bumper,3665
tacoma high clearance rear bumper,14,2016-2023 Tacoma Dual Swing Out Bumper,2016-2023 Tacoma Dual Swing Out Bumper,3665
tacoma high clearance rear bumper,15,05-15 Tacoma Receiver Hitch,All-Pro Receiver Hitch for 05-15 Tacoma,3665
tacoma high clearance rear bumper,16,ARB-5720020,High Clearance Receiver Hitch Option for ARB FJ Cruiser Rear Bumper (5720020),3665
tacoma high clearance rear bumper,17,AP-306945,2005-2015 Toyota Tacoma High Clearance Dual Swing-Out Bumper - Black Powdercoat,3665
tacoma high clearance rear bumper,18,300978-KIT,Tacoma Universal Rear Bumper Kit,3665
tacoma high clearance rear bumper,19,300411-1-KIT,Rock Assault Rear 2005-2015 Tacoma Bumper,3665
tacoma high clearance rear bumper,20,120153-1-KIT,Rock Defense 1995-2004 Tacoma Rear Bumper,3665
arb,1,ARB-180222SP,ARB Compressor Rocker Switch (ARB-180222SP),1014
arb,2,ARB-180224SP,ARB Rear Locker Rocker Switch (ARB-180224SP),1014
arb,3,ARB RECOVERY STRAPS,ARB RECOVERY STRAPS,1014
arb,4,ARB-3500090,ARB CB Antenna Bracket for 47.6mm Tubing on ARB Bumpers (3500090),1014
arb,5,ARB-ARB220,ARB Winch Damper,1014
arb,6,ARB-GLOVEMX,ARB Recovery Gloves (GLOVEMX),1014
arb,7,ARB Winch Extension Straps,ARB Winch Extension Straps,1014
arb,8,ARB-CKMP12,ARB Portable Air Compressor,1014
arb,9,ARB-10100380,ARB Strap Wrap (10100380),1014
arb,10,ARB-CKSA12,ARB Air Compressors - CKSA12,1014
arb,11,ARB-3500440,ARB Auxillary Lighting Loom,1014
arb,12,ARB-170206,ARB Air Line Splice,1014
arb,13,ARB TRED Pro Recovery Boards,ARB TRED Pro Recovery Boards,1014
arb,14,ARB TRED GT Recovery Boards,ARB TRED GT Recovery Boards,1014
arb,15,ARB TRED HD Recovery Boards,ARB TRED HD Recovery Boards,1014
arb,16,ARB-0770005,ARB Air Locker Test Gauge,1014
arb,17,ARB-ARB4101A,ARB Kakadu Rooftop Tent (ARB4101A),1014
arb,18,ARB-CKMTA12,ARB CKMTA12 Twin Air Compressor,1014
arb,19,ARB-830001,ARB Air Pressure Control Kit,1014
arb,20,ARB-ARB510,ARB 510 Digital EZ Deflator,1014
High steer,1,SAMURAI TO TOYOTA HIGH STEER KIT,Samurai To Toyota High Steer Kit,1095
High steer,2,FJ40 Land Cruiser High Steer Kits,FJ40 Land Cruiser High Steer Kits,1095
High steer,3,TOYOTA HIGH STEER KIT,Toyota High Steer Kit,1095
High steer,4,130073-3-KIT,Samurai High Steer Kit,1095
High steer,5,304021-3-KIT,JA11 RHD HIGH STEER KIT,1095
High steer,6,HIGH STEER TRAIL LINK THREE FRONT 3-LINK KIT,High Steer Trail Link Three Front 3-Link Kit,1095
High steer,7,TGI-308988,FJ40 High Steer Kit with 6-Stud Steering Arms,1095
High steer,8,TGI-308987,FJ40 High Steer Kit with 4-Stud Steering Arms,1095
High steer,9,TGI-308989,FJ40 RHD High Steer Kit with 4-Stud Steering Arms,1095
High steer,10,SPI-HSAP,Spidertrax 4140 Ultimate High Steer Arm Kit (Passenger),1095
High steer,11,TGI-308990,FJ40 RHD High Steer Kit with 6-Stud Steering Arms,1095
High steer,12,304020-3-KIT,"Suzuki RHD High Steer Kit, Samurai/Jimny JB31",1095
High steer,13,304508-3-KIT,High Steer Kit 4-Stud (Toyota OEM Axle on Samurai),1095
High steer,14,SPI-HSAD,Spidertrax 4140 Ultimate High Steer Arm Kit (Driver),1095
High steer,15,130626-KIT,"High Steer Kit 6 Stud, +5 Axle, RHD",1095
High steer,16,130624-KIT,"High Steer Kit 6 Stud, Rock Assault, RHD",1095
High steer,17,304538-3-KIT,High Steer Kit 6-Stud (Toyota OEM Axle on Samurai),1095
High steer,18,300377-1-KIT,High Steer Trail Link Three Front 3-Link Kit (OEM),1095
High steer,19,130625-KIT,High Steer Kit 6 Stud with Flat Pitman Arm +5 Axle RHD,1095
High steer,20,300273-1-KIT,High Steer Trail Link Three Front 3-Link Kit (Rock Assault),1095
Locker,1,SPOOL LOCKER,Spool Locker,891
Locker,2,"DETROIT LOCKER FOR TOYOTA 8"" AXLES","Detroit Locker For Toyota 8"" Axles",891
Locker,3,"GRIZZLY LOCKER FOR TOYOTA 8"" AXLES","Grizzly Locker For Toyota 8"" Axles",891
Locker,4,"Fabricated 8"" E-locker Housing","Fabricated 8"" E-locker Housing",891
Locker,5,Toyota Electric E-Locker Rocker Switches,Toyota Electric E-Locker Rocker Switches,891
Locker,6,"ZIP AIR LOCKER FOR TOYOTA 8"" AXLES","Zip Air Locker For Toyota 8"" Axles",891
Locker,7,140164-1,Locker Spool V6,891
Locker,8,Suzuki Samurai Spartan Locker and Gear Set Kits,Suzuki Samurai Spartan Locker and Gear Set Kits,891
Locker,9,TOY-82127-35100,Toyota E-locker Wiring Harness for DIY E-locker Projects,891
Locker,10,YGA-34015,Zip Locker switch.,891
Locker,11,YGA-28019,"Grizzly Locker, 4CYL",891
Locker,12,YGA-34014,Zip Locker soleniod valve.,891
Locker,13,140163-1,Locker Spool 4 Cyl,891
Locker,14,YGA-30331,Tacoma (w/out factory locker) & T100 (w/out factory locker) pinion seal.,891
Locker,15,140329-1,Long E-Locker Stud,891
Locker,16,304187-1-KIT,FJ80 | FJ100 SPOOL LOCKER,891
Locker,17,YGA-28001,Dana 44 Grizzly Locker replacement,891
Locker,18,301563-1-KIT,"4.88 V6, Zip Air Locker",891
Locker,19,301564-1-KIT,"5.29 V6, Zip Air Locker",891
Locker,20,ARB-0770005,ARB Air Locker Test Gauge,891
